{
    "name": "lab-jsonserver",
    "version": "1.0.0",
    "description": "Laboratório de aplicação Web com backend baseado no JSON Server",
    "main": "index.js",
    "scripts": {
     "start": "node index.js"
    },
    "keywords": [],
    "author": "Rommel Vieira Carneiro",
    "license": "ISC",
    "dependencies": {
      "cors": "^2.8.5",
      "dotenv": "^16.4.5",
      "express": "^4.17.1",
      "json-server": "^0.17.3"
    },
        
                "site": {
                  "name": "Loja Segura",
                  
                  "pages": [
                    {
                      "name": "Gerenciar Conta",
                      "url": "/gerenciar-conta",
                      "form": {
                        "title": "Gerenciar Conta e Configurações",
                        "fields": [
                          {
                            "id": "name",
                            "label": "Nome da Empresa",
                            "type": "text",
                            "placeholder": "Nome da sua empresa",
                            "required": true
                          },
                          {
                            "id": "email",
                            "label": "Email de Contato",
                            "type": "email",
                            "placeholder": "email@exemplo.com",
                            "required": true
                          },
                          {
                            "id": "password",
                            "label": "Alterar Senha",
                            "type": "password",
                            "placeholder": "Deixe em branco para manter a senha atual",
                            "required": false
                          }
                        ],
                        "button": {
                          "id": "save-btn",
                          "label": "Salvar Alterações"
                        },
                        "js_action": {
                          "event": "click",
                          "function": "saveAccountChanges",
                          "fields": [
                            "name",
                            "email",
                            "password"
                          ]
                        }
                      }
                    },
                    {
                      "name": "Gerenciar Perfil do Consumidor",
                      "url": "/gerenciarperfil.html",
                      "form": {
                        "title": "Gerenciar Perfil do Consumidor",
                        "fields": [
                          {
                            "id": "consumer-name",
                            "label": "Nome Completo",
                            "type": "text",
                            "placeholder": "Seu nome completo",
                            "required": true
                          },
                          {
                            "id": "consumer-email",
                            "label": "Email de Contato",
                            "type": "email",
                            "placeholder": "email@exemplo.com",
                            "required": true
                          },
                          {
                            "id": "consumer-phone",
                            "label": "Telefone",
                            "type": "tel",
                            "placeholder": "(xx) xxxx-xxxx",
                            "required": true
                          },
                          {
                            "id": "consumer-address",
                            "label": "Endereço",
                            "type": "text",
                            "placeholder": "Seu endereço",
                            "required": true
                          },
                          {
                            "id": "consumer-preferences",
                            "label": "Preferências de Comunicação",
                            "type": "select",
                            "options": [
                              { "value": "email", "label": "Email" },
                              { "value": "sms", "label": "SMS" },
                              { "value": "whatsapp", "label": "WhatsApp" }
                            ]
                          }
                        ],
                        "button": {
                          "id": "save-consumer-profile-btn",
                          "label": "Salvar Alterações"
                        },
                        "js_action": {
                          "event": "click",
                          "function": "saveConsumerProfileChanges",
                          "fields": [
                            "consumer-name",
                            "consumer-email",
                            "consumer-phone",
                            "consumer-address",
                            "consumer-preferences"
                          ]
                        }
                      }
                    }
                  ],
                  "footer": {
                    "text": "© 2023-2024 Loja Segura, Inc. Todos os direitos reservados.",
                    "whatsapp_link": "https://wa.me/00000000000"
                  }
                }
        }
    
    
  